{
	"credit": "Made with Blockbench",
	"textures": {
		"0": "item/gnome_wb/gnome_wb_top2",
		"1": "item/gnome_wb/gnome_wb_bottom",
		"2": "item/gnome_wb/gnome_wb_front",
		"3": "item/gnome_wb/gnome_wb_side",
		"4": "item/gnome_wb/gnome_wb_fire",
		"5": "item/gnome_wb/gnome_wb_top",
		"particle": "item/gnome_wb/gnome_wb_top2"
	},
	"elements": [
		{
			"from": [0, 0, 0],
			"to": [16, 16, 16],
			"faces": {
				"north": {"uv": [0, 0, 16, 16], "texture": "#2"},
				"east": {"uv": [0, 0, 16, 16], "texture": "#3"},
				"south": {"uv": [0, 0, 16, 16], "texture": "#2"},
				"west": {"uv": [0, 0, 16, 16], "texture": "#3"},
				"up": {"uv": [0, 0, 16, 16], "texture": "#5"},
				"down": {"uv": [0, 0, 16, 16], "texture": "#1"}
			}
		},
		{
			"from": [7.93629, 17, 3],
			"to": [7.93629, 27, 13],
			"rotation": {"angle": -45, "axis": "y", "origin": [8, 18, 8]},
			"faces": {
				"north": {"uv": [0, 0, 2, 10], "texture": "#missing"},
				"east": {"uv": [0, 0, 16, 16], "texture": "#4"},
				"south": {"uv": [0, 0, 2, 10], "texture": "#missing"},
				"west": {"uv": [0, 0, 16, 16], "texture": "#4"},
				"up": {"uv": [0, 0, 10, 2], "rotation": 90, "texture": "#missing"},
				"down": {"uv": [0, 0, 10, 2], "rotation": 270, "texture": "#missing"}
			}
		},
		{
			"from": [3, 17, 8],
			"to": [13, 27, 8],
			"rotation": {"angle": -45, "axis": "y", "origin": [8, 18, 8]},
			"faces": {
				"north": {"uv": [0, 0, 16, 16], "texture": "#4"},
				"east": {"uv": [0, 0, 2, 10], "texture": "#missing"},
				"south": {"uv": [0, 0, 16, 16], "texture": "#4"},
				"west": {"uv": [0, 0, 2, 10], "texture": "#missing"},
				"up": {"uv": [0, 0, 10, 2], "rotation": 180, "texture": "#missing"},
				"down": {"uv": [0, 0, 10, 2], "rotation": 180, "texture": "#missing"}
			}
		},
		{
			"from": [3, 16, 3],
			"to": [13, 17, 13],
			"faces": {
				"north": {"uv": [0, 0, 8, 1], "texture": "#0"},
				"east": {"uv": [0, 0, 8, 1], "texture": "#0"},
				"south": {"uv": [0, 0, 8, 1], "texture": "#0"},
				"west": {"uv": [0, 0, 8, 1], "texture": "#0"},
				"up": {"uv": [0, 0, 16, 16], "texture": "#0"},
				"down": {"uv": [0, 0, 8, 8], "texture": "#0"}
			}
		}
	],
	"gui_light": "front",
	"display": {
		"thirdperson_righthand": {
			"rotation": [67, -45, 0],
			"translation": [0, 1.25, -0.5],
			"scale": [0.29, 0.29, 0.29]
		},
		"thirdperson_lefthand": {
			"rotation": [67, 45, 0],
			"translation": [0, 1.25, -0.5],
			"scale": [0.29, 0.29, 0.29]
		},
		"firstperson_righthand": {
			"rotation": [0, 43, 4],
			"scale": [0.45, 0.45, 0.45]
		},
		"firstperson_lefthand": {
			"rotation": [0, 43, 4],
			"scale": [0.45, 0.45, 0.45]
		},
		"ground": {
			"translation": [0, 2, 0],
			"scale": [0.28, 0.28, 0.28]
		},
		"gui": {
			"rotation": [30, 135, 0],
			"scale": [0.61, 0.61, 0.61]
		},
		"head": {
			"translation": [0, -56.07, 0],
			"scale": [1.601, 1.61, 1.601]
		},
		"fixed": {
			"rotation": [0, -90, 0],
			"translation": [0, 0, -1],
			"scale": [0.5, 0.5, 0.5]
		}
	}
}