{
	"condition": "minecraft:entity_properties",
	"entity": "this",
	"predicate": {
		"type": "minecraft:player",
		"equipment": {
			"head": {
				"items": [
					"minecraft:netherite_helmet"
				],
				"nbt": "{dark_iron_helmet:1b}"
			},
			"chest": {
				"items": [
					"minecraft:netherite_chestplate"
				],
				"nbt": "{dark_iron_chestplate:1b}"
			},
			"legs": {
				"items": [
					"minecraft:netherite_leggings"
				],
				"nbt": "{dark_iron_leggings:1b}"
			},
			"feet": {
				"items": [
					"minecraft:netherite_boots"
				],
				"nbt": "{dark_iron_boots:1b}"
			}
		}
	}
}
