{
    "type": "minecraft:crafting_shaped",
    "pattern": [
        "nFn",
        "NSN",
        "IXI"
    ],
    "key": {
        "n": {
            "item": "minecraft:netherite_ingot"
        },
        "F": {
            "item": "minecraft:fire_charge"
        },
        "N": {
            "item": "minecraft:nether_bricks"
        },
        "S": {
            "item": "minecraft:soul_soil"
        },
        "I": {
            "item": "minecraft:iron_block"
        },
        "X": {
            "item": "minecraft:smithing_table"
        }
    },
    "result": {
        "item": "minecraft:knowledge_book",
        "count": 1
    }
}