{
	"criteria": {
		"requirement": {
			"trigger": "minecraft:consume_item",
			"conditions": {
				"player": [
					{
						"condition": "minecraft:entity_properties",
						"entity": "this",
						"predicate": {
							"type": "minecraft:player"
						}
					},
					{
						"condition": "minecraft:entity_scores",
						"entity": "this",
						"scores": {
							"vegan": 3
						}
					}
				],
				"item": {
					"nbt": "{human_heart:1b}"
				}
			}
		}
	},
	"rewards": {
		"function": "your_origins:food/human_heart"
	}
}
