{
	"criteria": {
		"requirement": {
			"trigger": "minecraft:tick",
			"conditions": {
				"player": [
					{
						"condition": "minecraft:entity_properties",
						"entity": "this",
						"predicate": {
							"type": "minecraft:player",
							"equipment": {
								"mainhand": {
									"tag": "your_origins:pickaxes"
								}
							}
						}
					},
					{
						"condition": "minecraft:reference",
						"name": "your_origins:armor/dark_iron_armor"
					}
				]
			}
		}
	}
}
