{
	"criteria": {
		"requirement": {
			"trigger": "minecraft:player_hurt_entity",
			"conditions": {
				"player": [
					{
						"condition": "minecraft:entity_properties",
						"entity": "this",
						"predicate": {
							"type": "minecraft:player"
						}
					},
					{
						"condition": "minecraft:entity_scores",
						"entity": "this",
						"scores": {
							"vegan": 3
						}
					}
				],
				"entity": [
					{
						"condition": "minecraft:entity_properties",
						"entity": "this",
						"predicate": {
							"type": "minecraft:player",
							"equipment": {
								"chest": {
									"tag": "your_origins:chestplate_easy"
								}
							}
						}
					},
					{
						"condition": "minecraft:entity_scores",
						"entity": "this",
						"scores": {
							"werewolf": 0
						}
					}
				]
			}
		}
	},
	"rewards": {
		"function": "your_origins:food/vampire_attack"
	}
}
