{
    "providers": [
        {
            "type": "bitmap",
            "file": "minecraft:custom/gnome-forge.png",
            "ascent": 12,
            "height": 64,
            "chars": ["\uE000"]
        },
        {
            "type": "bitmap",
            "file": "minecraft:custom/magic-ingot.png",
            "ascent": -40,
            "height": 64,
            "chars": ["\uE001"]
        },
        {
            "type": "bitmap",
            "file": "minecraft:custom/berserk-helmet.png",
            "ascent": 12,
            "height": 64,
            "chars": ["\uE002"]
        },
        {
            "type": "bitmap",
            "file": "minecraft:custom/berserk-chestplate.png",
            "ascent": -40,
            "height": 64,
            "chars": ["\uE003"]
        },
        {
            "type": "bitmap",
            "file": "minecraft:custom/berserk-leggings.png",
            "ascent": 12,
            "height": 64,
            "chars": ["\uE004"]
        },
        {
            "type": "bitmap",
            "file": "minecraft:custom/berserk-boots.png",
            "ascent": -40,
            "height": 64,
            "chars": ["\uE005"]
        },
        {
            "type": "bitmap",
            "file": "minecraft:custom/dark_iron.png",
            "ascent": 12,
            "height": 64,
            "chars": ["\uE006"]
        },
        {
            "type": "bitmap",
            "file": "minecraft:custom/dark_iron_helmet.png",
            "ascent": -40,
            "height": 64,
            "chars": ["\uE007"]
        },
        {
            "type": "bitmap",
            "file": "minecraft:custom/dark_iron_chestplate.png",
            "ascent": 12,
            "height": 64,
            "chars": ["\uE008"]
        },
        {
            "type": "bitmap",
            "file": "minecraft:custom/dark_iron_leggings.png",
            "ascent": -40,
            "height": 64,
            "chars": ["\uE009"]
        },
        {
            "type": "bitmap",
            "file": "minecraft:custom/dark_iron_boots.png",
            "ascent": 12,
            "height": 64,
            "chars": ["\uE010"]
        }
    ]
}