{
	"type": "minecraft:entity",
	"pools": [
		{
			"rolls": 1,
			"entries": [
				{
					"type": "minecraft:item",
					"name": "minecraft:tropical_fish",
					"functions": [
						{
							"function": "minecraft:set_nbt",
							"tag": "{display:{Name:'{\"translate\":\"human.heart\",\"color\":\"aqua\",\"italic\":false}'},CustomModelData:1005,human_heart:1b}"
						}
					],
					"conditions": [
						{
							"condition": "minecraft:random_chance",
							"chance": 0.2
						}
					]
				}
			],
			"conditions": [
				{
					"condition": "minecraft:entity_scores",
					"entity": "this",
					"scores": {
						"human": 1
					}
				}
			]
		}
	],
	"random_sequence": "minecraft:entities/player"
}
